{"assets/fonts/Rubik-Bold.ttf":["assets/fonts/Rubik-Bold.ttf"],"assets/fonts/Rubik-Medium.ttf":["assets/fonts/Rubik-Medium.ttf"],"assets/fonts/Rubik-Regular.ttf":["assets/fonts/Rubik-Regular.ttf"],"assets/icon/close_lock.png":["assets/icon/close_lock.png"],"assets/icon/done.png":["assets/icon/done.png"],"assets/icon/done_with_full_background.png":["assets/icon/done_with_full_background.png"],"assets/icon/edit.png":["assets/icon/edit.png"],"assets/icon/email_with_background.png":["assets/icon/email_with_background.png"],"assets/icon/filter_icon.png":["assets/icon/filter_icon.png"],"assets/icon/home.png":["assets/icon/home.png"],"assets/icon/location.png":["assets/icon/location.png"],"assets/icon/map.png":["assets/icon/map.png"],"assets/icon/marker.png":["assets/icon/marker.png"],"assets/icon/menu.png":["assets/icon/menu.png"],"assets/icon/my_location.png":["assets/icon/my_location.png"],"assets/icon/notification.png":["assets/icon/notification.png"],"assets/icon/open_lock.png":["assets/icon/open_lock.png"],"assets/icon/search.png":["assets/icon/search.png"],"assets/icon/workplace.png":["assets/icon/workplace.png"],"assets/image/arabic.png":["assets/image/arabic.png"],"assets/image/binoculars.png":["assets/image/binoculars.png"],"assets/image/cart_icon.png":["assets/image/cart_icon.png"],"assets/image/china.png":["assets/image/china.png"],"assets/image/clock.png":["assets/image/clock.png"],"assets/image/closed.png":["assets/image/closed.png"],"assets/image/coupon.png":["assets/image/coupon.png"],"assets/image/coupon_bg.png":["assets/image/coupon_bg.png"],"assets/image/delivery_boy_marker.png":["assets/image/delivery_boy_marker.png"],"assets/image/destination_marker.png":["assets/image/destination_marker.png"],"assets/image/errorpage.png":["assets/image/errorpage.png"],"assets/image/fav_icon.png":["assets/image/fav_icon.png"],"assets/image/filter_icon.png":["assets/image/filter_icon.png"],"assets/image/germany.png":["assets/image/germany.png"],"assets/image/guest_login.png":["assets/image/guest_login.png"],"assets/image/home_icon.png":["assets/image/home_icon.png"],"assets/image/image.png":["assets/image/image.png"],"assets/image/italy.png":["assets/image/italy.png"],"assets/image/japan.png":["assets/image/japan.png"],"assets/image/korean.png":["assets/image/korean.png"],"assets/image/language.png":["assets/image/language.png"],"assets/image/line.png":["assets/image/line.png"],"assets/image/loading_image.png":["assets/image/loading_image.png"],"assets/image/log_out.png":["assets/image/log_out.png"],"assets/image/logo.png":["assets/image/logo.png"],"assets/image/message.png":["assets/image/message.png"],"assets/image/more_icon.png":["assets/image/more_icon.png"],"assets/image/onboarding_one.png":["assets/image/onboarding_one.png"],"assets/image/onboarding_three.png":["assets/image/onboarding_three.png"],"assets/image/onboarding_two.png":["assets/image/onboarding_two.png"],"assets/image/order.png":["assets/image/order.png"],"assets/image/payment.png":["assets/image/payment.png"],"assets/image/percentage.png":["assets/image/percentage.png"],"assets/image/placeholder_banner.png":["assets/image/placeholder_banner.png"],"assets/image/placeholder_image.png":["assets/image/placeholder_image.png"],"assets/image/placeholder_rectangle.png":["assets/image/placeholder_rectangle.png"],"assets/image/placeholder_user.png":["assets/image/placeholder_user.png"],"assets/image/profile.png":["assets/image/profile.png"],"assets/image/restaurant_marker.png":["assets/image/restaurant_marker.png"],"assets/image/send.png":["assets/image/send.png"],"assets/image/shopping_cart.png":["assets/image/shopping_cart.png"],"assets/image/support.png":["assets/image/support.png"],"assets/image/united_kindom.png":["assets/image/united_kindom.png"],"assets/image/unselected_restaurant_marker.png":["assets/image/unselected_restaurant_marker.png"],"assets/image/wallet.png":["assets/image/wallet.png"],"assets/language/ar.json":["assets/language/ar.json"],"assets/language/en.json":["assets/language/en.json"],"packages/cupertino_icons/assets/CupertinoIcons.ttf":["packages/cupertino_icons/assets/CupertinoIcons.ttf"]}